{"_step":245,"test_loss":1.9215095043182373,"accuracy":0.5,"train_loss":0.7224307060241699,"_wandb":{"runtime":86},"grad_norm":4.641442594692425,"_timestamp":1.7429450601884632e+09,"_runtime":86.84571862600001}