{"test_loss":3.2727999687194824,"accuracy":0.5,"_wandb":{"runtime":3},"grad_norm":7.846309573284404,"_timestamp":1.742945110410948e+09,"_runtime":3.01016,"_step":5,"train_loss":0.555465817451477}